date,hour,new_items,total_sent,payment_started,payment_finished,paid_offline
2016-03-31,23,42,48,5,5,35
2016-03-31,22,51,51,6,3,26
2016-03-31,21,44,53,7,2,22
2016-03-31,20,54,56,10,6,14
2016-03-31,19,45,46,10,6,18
2016-03-31,18,58,51,7,3,12
2016-03-31,17,57,71,8,3,12
2016-03-31,16,44,58,6,5,15
2016-03-31,15,34,26,3,2,20
2016-03-31,14,34,42,0,0,50
2016-03-31,13,39,44,3,2,22
2016-03-31,12,54,38,7,4,26
2016-03-31,11,35,40,4,4,21
2016-03-31,10,31,25,4,2,9
2016-03-31,09,31,28,1,1,12
2016-03-31,08,19,25,2,2,9
2016-03-31,07,13,9,1,0,5
2016-03-31,06,17,24,3,2,12
2016-03-31,05,34,48,3,1,15
2016-03-31,04,14,13,1,1,6
2016-03-31,03,16,15,5,2,7
2016-03-31,02,27,35,6,7,14
2016-03-31,01,30,42,8,2,11
2016-03-31,00,18,27,1,0,5
2016-03-30,23,35,23,6,3,9
2016-03-30,22,20,17,3,1,7
2016-03-30,21,41,46,9,4,20
2016-03-30,20,62,64,13,11,25
2016-03-30,19,57,62,5,3,19
2016-03-30,18,41,40,3,1,17
2016-03-30,17,40,39,3,0,13
2016-03-30,16,46,49,2,0,31
2016-03-30,15,36,41,9,3,19
2016-03-30,14,45,44,3,0,18
2016-03-30,13,52,53,5,4,19
2016-03-30,12,30,41,2,1,26
2016-03-30,11,29,19,2,0,10
2016-03-30,10,28,29,1,0,9
2016-03-30,09,24,18,2,0,10
2016-03-30,08,22,24,2,1,15
2016-03-30,07,14,18,1,1,13
2016-03-30,06,25,25,2,0,5
2016-03-30,05,26,20,3,1,5
2016-03-30,04,13,6,4,2,3
2016-03-30,03,12,18,2,2,17
2016-03-30,02,18,28,2,1,10
2016-03-30,01,44,48,3,1,17
2016-03-30,00,30,39,3,2,37
2016-03-29,23,28,23,3,2,6
2016-03-29,22,33,40,7,3,10
2016-03-29,21,34,34,6,2,13
2016-03-29,20,29,25,2,2,13
2016-03-29,19,53,60,7,1,10
2016-03-29,18,33,43,5,0,24
2016-03-29,17,55,33,8,4,11
2016-03-29,16,33,32,10,4,28
2016-03-29,15,40,60,6,2,21
2016-03-29,14,64,46,4,2,28
2016-03-29,13,52,47,4,2,25
2016-03-29,12,28,27,3,2,12
2016-03-29,11,38,25,5,3,14
2016-03-29,10,50,38,3,1,16
2016-03-29,09,29,25,3,2,9
2016-03-29,08,24,18,1,0,14
2016-03-29,07,24,14,0,0,9
2016-03-29,06,9,4,1,1,3
2016-03-29,05,17,24,3,3,17
2016-03-29,04,15,14,2,2,14
2016-03-29,03,25,20,5,0,9
2016-03-29,02,28,22,2,1,10
2016-03-29,01,11,19,2,1,17
2016-03-29,00,20,23,2,1,7
2016-03-28,23,20,25,2,0,4
2016-03-28,22,41,41,2,1,20
2016-03-28,21,31,29,4,3,10
2016-03-28,20,34,35,9,5,10
2016-03-28,19,64,49,2,1,44
2016-03-28,18,74,63,4,3,18
2016-03-28,17,58,56,6,1,35
2016-03-28,16,40,24,3,1,19
2016-03-28,15,33,32,5,2,20
2016-03-28,14,59,42,2,1,27
2016-03-28,13,53,32,1,0,31
2016-03-28,12,17,12,1,0,10
2016-03-28,11,30,31,1,1,12
2016-03-28,10,22,19,2,1,4
2016-03-28,09,19,16,1,0,4
2016-03-28,08,23,18,1,1,4
2016-03-28,07,47,50,0,0,11
2016-03-28,06,10,12,2,2,12
2016-03-28,05,28,26,3,2,1
2016-03-28,04,13,13,0,0,11
2016-03-28,03,24,23,2,3,9
2016-03-28,02,22,35,4,1,9
2016-03-28,01,24,20,2,0,7
2016-03-28,00,22,20,0,1,5
2016-03-27,23,16,12,3,0,2
2016-03-27,22,14,11,2,2,3
2016-03-27,21,32,36,2,1,11
2016-03-27,20,18,17,4,2,6
2016-03-27,19,25,27,0,1,17
2016-03-27,18,47,47,1,0,12
2016-03-27,17,8,10,2,1,5
2016-03-27,16,11,8,0,0,1
2016-03-27,15,25,22,1,1,7
2016-03-27,14,20,20,0,0,4
2016-03-27,13,17,14,2,1,4
2016-03-27,12,17,12,4,1,5
2016-03-27,11,16,12,2,0,6
2016-03-27,10,11,7,0,0,2
2016-03-27,09,16,17,1,1,12
2016-03-27,08,7,10,1,1,3
2016-03-27,07,6,6,2,2,9
2016-03-27,06,6,6,3,3,0
2016-03-27,05,5,7,3,2,1
2016-03-27,04,5,4,0,0,3
2016-03-27,03,6,6,1,0,1
2016-03-27,02,6,6,1,0,1
2016-03-27,01,9,8,2,0,2
2016-03-27,00,12,12,1,0,3
2016-03-26,23,14,9,2,2,5
2016-03-26,22,20,14,2,0,7
2016-03-26,21,20,7,1,0,15
2016-03-26,20,21,8,0,0,2
2016-03-26,19,15,8,1,0,12
2016-03-26,18,14,14,2,1,11
2016-03-26,17,22,23,4,1,15
2016-03-26,16,17,16,5,3,3
2016-03-26,15,33,36,7,6,12
2016-03-26,14,28,28,2,0,4
2016-03-26,13,16,11,1,0,4
2016-03-26,12,16,15,0,0,7
2016-03-26,11,5,3,1,0,0
2016-03-26,10,10,13,0,0,4
2016-03-26,09,9,10,1,1,5
2016-03-26,08,11,8,1,1,3
2016-03-26,07,11,11,2,1,3
2016-03-26,06,18,21,1,2,4
2016-03-26,05,8,15,1,0,3
2016-03-26,04,7,7,0,0,3
2016-03-26,03,10,11,1,1,4
2016-03-26,02,13,9,4,1,3
2016-03-26,01,8,11,3,2,2
2016-03-26,00,20,18,5,2,3
2016-03-25,23,21,17,4,0,5
2016-03-25,22,27,31,5,1,12
2016-03-25,21,35,24,6,6,11
2016-03-25,20,17,17,6,1,12
2016-03-25,19,13,13,3,2,15
2016-03-25,18,32,38,2,0,13
2016-03-25,17,38,35,5,2,11
2016-03-25,16,24,20,4,3,8
2016-03-25,15,25,19,1,2,11
2016-03-25,14,25,24,5,2,3
2016-03-25,13,15,19,1,1,10
2016-03-25,12,21,26,1,0,12
2016-03-25,11,22,19,6,1,9
2016-03-25,10,25,24,1,0,11
2016-03-25,09,8,8,1,0,6
2016-03-25,08,12,10,2,1,4
2016-03-25,07,12,11,2,1,4
2016-03-25,06,19,18,3,2,5
2016-03-25,05,9,11,2,0,0
2016-03-25,04,11,10,0,0,11
2016-03-25,03,10,11,3,2,1
2016-03-25,02,15,14,1,1,2
2016-03-25,01,23,19,3,2,15
2016-03-25,00,41,13,3,2,8
2016-03-24,23,31,27,1,1,20
2016-03-24,22,34,22,4,2,4
2016-03-24,21,39,33,1,1,10
2016-03-24,20,34,25,5,3,19
2016-03-24,19,41,33,3,0,15
2016-03-24,18,22,23,2,2,5
2016-03-24,17,42,38,8,4,13
2016-03-24,16,30,33,3,3,7
2016-03-24,15,27,35,3,2,13
2016-03-24,14,41,36,6,1,23
2016-03-24,13,28,25,3,2,15
2016-03-24,12,13,10,2,0,17
2016-03-24,11,18,11,3,1,9
2016-03-24,10,37,28,3,1,13
2016-03-24,09,23,16,2,0,10
2016-03-24,08,19,15,2,0,12
2016-03-24,07,18,28,0,0,11
2016-03-24,06,22,21,2,1,26
2016-03-24,05,20,24,1,0,10
2016-03-24,04,20,18,1,0,11
2016-03-24,03,18,20,4,2,5
2016-03-24,02,14,22,7,2,4
2016-03-24,01,28,30,3,2,7
2016-03-24,00,18,16,2,1,9
2016-03-23,23,34,32,4,0,7
2016-03-23,22,27,20,4,1,18
2016-03-23,21,13,16,1,0,13
2016-03-23,20,34,24,3,0,19
2016-03-23,19,42,33,3,1,22
2016-03-23,18,39,34,5,2,9
2016-03-23,17,55,46,2,1,16
2016-03-23,16,42,36,4,2,7
2016-03-23,15,39,29,6,6,21
2016-03-23,14,32,32,2,2,15
2016-03-23,13,32,30,2,0,13
2016-03-23,12,31,32,2,2,39
2016-03-23,11,38,30,5,0,4
2016-03-23,10,16,14,1,0,11
2016-03-23,09,30,25,2,1,26
2016-03-23,08,19,15,1,1,7
2016-03-23,07,11,11,2,0,4
2016-03-23,06,9,15,2,1,10
2016-03-23,05,3,16,2,2,14
2016-03-23,04,14,21,2,2,7
2016-03-23,03,16,17,5,1,9
2016-03-23,02,39,31,7,2,8
2016-03-23,01,31,29,4,1,8
2016-03-23,00,37,37,5,4,10
2016-03-22,23,32,33,5,2,12
2016-03-22,22,20,21,6,1,6
2016-03-22,21,36,33,6,3,20
2016-03-22,20,35,40,5,2,19
2016-03-22,19,31,31,6,2,7
2016-03-22,18,43,40,7,4,15
2016-03-22,17,34,38,8,4,13
2016-03-22,16,32,53,5,2,29
2016-03-22,15,35,31,5,2,6
2016-03-22,14,31,42,6,2,12
2016-03-22,13,34,37,4,0,16
2016-03-22,12,38,33,4,3,9
2016-03-22,11,33,20,3,2,14
2016-03-22,10,26,31,4,3,8
2016-03-22,09,27,40,0,0,20
2016-03-22,08,22,22,2,0,10
2016-03-22,07,24,29,3,0,8
2016-03-22,06,49,50,1,1,7
2016-03-22,05,20,26,0,0,5
2016-03-22,04,22,28,0,0,14
2016-03-22,03,26,30,1,0,10
2016-03-22,02,29,36,0,0,14
2016-03-22,01,24,26,1,1,15
2016-03-22,00,28,33,0,0,6
2016-03-21,23,29,28,2,2,13
2016-03-21,22,30,33,1,0,9
2016-03-21,21,22,27,0,0,9
2016-03-21,20,56,51,0,0,14
2016-03-21,19,45,51,1,0,11
2016-03-21,18,36,48,2,0,13
2016-03-21,17,70,58,1,1,35
2016-03-21,16,31,27,6,1,12
2016-03-21,15,29,26,2,1,13
2016-03-21,14,53,47,2,1,19
2016-03-21,13,20,22,2,2,3
2016-03-21,12,26,25,1,0,7
2016-03-21,11,46,23,0,0,24
2016-03-21,10,30,33,0,0,14
2016-03-21,09,29,22,0,0,10
2016-03-21,08,12,27,1,0,16
2016-03-21,07,18,6,1,1,4
2016-03-21,06,7,5,0,0,2
2016-03-21,05,22,10,0,0,6
2016-03-21,04,10,11,0,0,2
2016-03-21,03,19,22,0,0,4
2016-03-21,02,14,20,1,1,30
2016-03-21,01,20,28,1,1,7
2016-03-21,00,19,22,1,1,8
2016-03-20,23,22,18,0,0,6
2016-03-20,22,21,17,2,3,17
2016-03-20,21,47,43,1,0,9
2016-03-20,20,21,17,0,0,7
2016-03-20,19,32,37,4,3,3
2016-03-20,18,30,21,2,1,4
2016-03-20,17,19,9,2,2,8
2016-03-20,16,22,18,0,0,6
2016-03-20,15,23,16,0,0,9
2016-03-20,14,22,16,2,1,6
2016-03-20,13,10,14,3,1,4
2016-03-20,12,7,9,1,0,2
2016-03-20,11,24,17,4,2,9
2016-03-20,10,20,21,6,2,4
2016-03-20,09,18,17,0,0,3
2016-03-20,08,10,12,1,1,3
2016-03-20,07,14,11,1,1,7
2016-03-20,06,1,2,0,0,3
2016-03-20,05,13,11,0,0,5
2016-03-20,04,9,6,1,0,4
2016-03-20,03,6,8,0,0,2
2016-03-20,02,15,16,1,0,5
2016-03-20,01,8,32,5,1,3
2016-03-20,00,11,13,2,1,5
2016-03-19,23,13,19,2,0,6
2016-03-19,22,29,27,3,2,8
2016-03-19,21,19,15,3,0,6
2016-03-19,20,22,17,2,2,9
2016-03-19,19,9,10,3,1,7
2016-03-19,18,34,29,5,1,11
2016-03-19,17,20,16,4,1,8
2016-03-19,16,23,21,5,1,20
2016-03-19,15,26,19,1,1,11
2016-03-19,14,30,30,4,2,6
2016-03-19,13,30,20,2,0,6
2016-03-19,12,21,19,3,1,6
2016-03-19,11,12,9,4,1,5
2016-03-19,10,15,9,2,0,5
2016-03-19,09,8,6,3,0,4
2016-03-19,08,10,11,0,0,5
2016-03-19,07,12,10,0,0,4
2016-03-19,06,24,14,1,0,7
2016-03-19,05,18,17,1,0,9
2016-03-19,04,10,8,1,1,6
2016-03-19,03,11,12,1,0,14
2016-03-19,02,16,14,2,1,5
2016-03-19,01,17,16,3,2,29
2016-03-19,00,19,16,5,2,11
2016-03-18,23,17,22,5,3,12
2016-03-18,22,11,12,4,3,11
2016-03-18,21,21,21,2,0,11
2016-03-18,20,28,20,7,6,11
2016-03-18,19,18,21,4,2,4
2016-03-18,18,48,48,2,1,19
2016-03-18,17,40,39,3,1,28
2016-03-18,16,32,33,6,4,11
2016-03-18,15,35,29,5,2,10
2016-03-18,14,31,26,5,5,7
2016-03-18,13,25,25,7,3,11
2016-03-18,12,16,12,3,2,5
2016-03-18,11,16,13,3,0,7
2016-03-18,10,23,22,5,2,7
2016-03-18,09,21,18,4,3,8
2016-03-18,08,21,19,1,0,5
2016-03-18,07,11,9,2,0,2
2016-03-18,06,9,6,1,0,0
2016-03-18,05,15,10,4,1,4
2016-03-18,04,17,26,5,2,9
2016-03-18,03,12,27,2,1,24
2016-03-18,02,14,21,5,1,7
2016-03-18,01,26,28,4,1,7
2016-03-18,00,18,42,2,1,5
2016-03-17,23,18,26,5,1,11
2016-03-17,22,29,27,2,2,16
2016-03-17,21,50,46,4,4,28
2016-03-17,20,43,50,14,8,22
2016-03-17,19,32,36,6,0,24
2016-03-17,18,49,54,4,3,27
2016-03-17,17,41,43,4,1,12
2016-03-17,16,56,39,6,5,22
2016-03-17,15,35,28,3,1,13
2016-03-17,14,37,34,6,2,13
2016-03-17,13,27,24,6,1,14
2016-03-17,12,16,14,4,3,5
2016-03-17,11,15,13,4,0,3
2016-03-17,10,17,16,0,0,13
2016-03-17,09,22,16,3,3,8
2016-03-17,08,25,8,3,1,7
2016-03-17,07,29,23,5,1,9
2016-03-17,06,19,23,1,0,6
2016-03-17,05,14,15,2,1,8
2016-03-17,04,16,22,0,0,6
2016-03-17,03,17,19,3,1,8
2016-03-17,02,45,39,7,4,3
2016-03-17,01,32,29,4,2,8
2016-03-17,00,24,22,5,2,7
2016-03-16,23,19,21,9,6,4
2016-03-16,22,36,36,9,5,24
2016-03-16,21,39,45,5,4,14
2016-03-16,20,45,48,5,0,20
2016-03-16,19,29,38,5,4,9
2016-03-16,18,39,48,5,2,22
2016-03-16,17,38,38,5,1,23
2016-03-16,16,31,22,4,1,16
2016-03-16,15,39,35,8,1,12
2016-03-16,14,54,46,6,1,27
2016-03-16,13,34,28,4,1,12
2016-03-16,12,33,41,5,2,17
2016-03-16,11,30,24,1,0,13
2016-03-16,10,34,25,1,1,15
2016-03-16,09,27,27,4,2,19
2016-03-16,08,23,23,3,1,7
2016-03-16,07,15,11,0,0,10
2016-03-16,06,16,16,1,0,7
2016-03-16,05,19,19,1,1,6
2016-03-16,04,15,21,0,0,7
2016-03-16,03,40,39,2,1,13
2016-03-16,02,36,36,3,1,13
2016-03-16,01,47,47,2,0,13
2016-03-16,00,26,26,3,0,5
2016-03-15,23,24,27,4,3,27
2016-03-15,22,29,26,12,10,4
2016-03-15,21,36,33,4,2,9
2016-03-15,20,40,38,11,5,23
2016-03-15,19,34,50,8,6,6
2016-03-15,18,39,35,4,1,8
2016-03-15,17,27,25,9,4,15
2016-03-15,16,41,39,5,3,11
2016-03-15,15,35,32,0,0,12
2016-03-15,14,39,35,5,1,26
2016-03-15,13,53,45,1,0,5
2016-03-15,12,51,44,4,1,5
2016-03-15,11,22,18,2,0,7
2016-03-15,10,52,46,0,0,8
2016-03-15,09,30,21,2,1,5
2016-03-15,08,42,36,3,1,3
2016-03-15,07,61,54,1,1,4
2016-03-15,06,50,51,2,0,9
2016-03-15,05,22,31,3,2,2
2016-03-15,04,29,29,6,2,11
2016-03-15,03,23,21,2,0,5
2016-03-15,02,15,15,3,2,11
2016-03-15,01,23,31,3,2,17
2016-03-15,00,22,18,5,2,8
2016-03-14,23,18,14,2,0,9
2016-03-14,22,27,24,3,2,10
2016-03-14,21,52,41,6,3,16
2016-03-14,20,37,28,6,0,13
2016-03-14,19,59,33,4,1,37
2016-03-14,18,22,28,3,1,8
2016-03-14,17,39,33,5,1,15
2016-03-14,16,37,36,5,2,15
2016-03-14,15,25,25,7,3,18
2016-03-14,14,37,36,6,5,9
2016-03-14,13,28,34,3,1,6
2016-03-14,12,29,23,1,1,13
2016-03-14,11,28,19,2,0,6
2016-03-14,10,26,26,6,3,7
2016-03-14,09,32,27,1,0,19
2016-03-14,08,9,9,0,0,10
2016-03-14,07,15,16,1,0,8
2016-03-14,06,20,17,1,1,12
2016-03-14,05,13,10,2,2,6
2016-03-14,04,12,18,4,2,4
2016-03-14,03,15,12,5,2,7
2016-03-14,02,21,28,3,1,9
2016-03-14,01,19,19,3,0,7
2016-03-14,00,31,37,7,2,13
2016-03-13,23,23,21,2,1,5
2016-03-13,22,14,14,2,1,4
2016-03-13,21,26,20,1,0,8
2016-03-13,20,8,6,2,1,0
2016-03-13,19,19,11,0,0,7
2016-03-13,18,16,12,3,2,9
2016-03-13,17,38,36,1,0,35
2016-03-13,16,12,18,4,2,8
2016-03-13,15,13,12,2,1,2
2016-03-13,14,20,27,4,2,11
2016-03-13,13,13,13,2,2,7
2016-03-13,12,15,16,2,0,4
2016-03-13,11,13,11,2,0,6
2016-03-13,10,13,9,0,0,5
2016-03-13,09,8,11,2,0,6
2016-03-13,08,12,13,1,0,9
2016-03-13,07,5,4,0,0,5
2016-03-13,06,13,14,0,0,5
2016-03-13,05,7,5,1,0,3
2016-03-13,04,16,7,1,1,2
2016-03-13,03,8,7,0,0,1
2016-03-13,02,18,19,1,1,2
2016-03-13,01,56,56,3,1,8
2016-03-13,00,6,7,1,0,1
2016-03-12,23,17,14,2,0,1
2016-03-12,22,13,12,5,1,1
2016-03-12,21,9,9,6,2,2
2016-03-12,20,17,13,2,1,4
2016-03-12,19,11,10,2,1,2
2016-03-12,18,18,17,6,2,3
2016-03-12,17,24,25,4,0,11
2016-03-12,16,8,11,4,4,1
2016-03-12,15,29,25,3,2,18
2016-03-12,14,22,17,2,1,5
2016-03-12,13,7,11,3,2,2
2016-03-12,12,14,11,3,1,4
2016-03-12,11,36,28,1,0,16
2016-03-12,10,13,7,0,0,7
2016-03-12,09,4,5,2,1,5
2016-03-12,08,7,7,0,0,2
2016-03-12,07,20,13,1,0,8
2016-03-12,06,20,4,2,0,2
2016-03-12,05,9,5,2,1,13
2016-03-12,04,11,7,1,0,6
2016-03-12,03,11,10,0,0,6
2016-03-12,02,14,15,5,3,6
2016-03-12,01,24,23,2,1,11
2016-03-12,00,22,21,3,2,8
2016-03-11,23,20,19,4,1,4
2016-03-11,22,23,22,3,1,11
2016-03-11,21,41,43,5,2,21
2016-03-11,20,30,26,4,2,9
2016-03-11,19,20,13,1,1,15
2016-03-11,18,41,26,2,0,18
2016-03-11,17,31,19,5,4,26
2016-03-11,16,35,35,3,1,20
2016-03-11,15,41,28,5,1,14
2016-03-11,14,23,19,2,2,9
2016-03-11,13,17,12,1,2,10
2016-03-11,12,17,12,4,0,4
2016-03-11,11,21,23,1,0,11
2016-03-11,10,12,9,1,0,3
2016-03-11,09,22,24,5,1,8
2016-03-11,08,16,24,0,0,4
2016-03-11,07,11,13,0,1,6
2016-03-11,06,17,12,4,3,9
2016-03-11,05,10,10,2,2,3
2016-03-11,04,16,13,7,4,2
2016-03-11,03,11,14,5,2,13
2016-03-11,02,17,15,4,3,18
2016-03-11,01,35,32,5,1,18
2016-03-11,00,22,20,3,0,12
2016-03-10,23,33,25,4,2,9
2016-03-10,22,30,35,7,4,12
2016-03-10,21,40,42,8,2,21
2016-03-10,20,28,34,4,1,7
2016-03-10,19,44,39,9,3,10
2016-03-10,18,47,47,6,5,19
2016-03-10,17,40,46,5,2,10
2016-03-10,16,28,28,4,0,15
2016-03-10,15,66,32,4,2,25
2016-03-10,14,41,52,2,2,23
2016-03-10,13,45,31,1,1,8
2016-03-10,12,21,18,3,2,12
2016-03-10,11,15,13,2,0,5
2016-03-10,10,12,17,2,0,7
2016-03-10,09,16,13,1,0,9
2016-03-10,08,17,16,2,0,1
2016-03-10,07,12,12,0,0,2
2016-03-10,06,32,32,2,0,23
2016-03-10,05,20,12,1,1,9
2016-03-10,04,32,27,0,0,9
2016-03-10,03,37,22,2,0,17
2016-03-10,02,21,16,0,0,3
2016-03-10,01,31,29,5,3,7
2016-03-10,00,16,15,1,0,11
2016-03-09,23,24,22,3,2,10
2016-03-09,22,40,29,4,2,7
2016-03-09,21,39,36,3,0,12
2016-03-09,20,57,38,8,5,27
2016-03-09,19,20,19,5,1,10
2016-03-09,18,30,26,7,3,15
2016-03-09,17,33,23,6,1,5
2016-03-09,16,25,20,5,1,16
2016-03-09,15,27,25,4,2,8
2016-03-09,14,35,37,5,2,21
2016-03-09,13,25,30,3,0,17
2016-03-09,12,32,28,5,4,11
2016-03-09,11,29,28,0,0,24
2016-03-09,10,20,20,1,1,7
2016-03-09,09,18,18,1,0,5
2016-03-09,08,17,15,2,2,7
2016-03-09,07,12,21,0,0,13
2016-03-09,06,6,4,2,1,5
2016-03-09,05,20,19,4,1,3
2016-03-09,04,19,18,3,1,5
2016-03-09,03,11,11,3,2,5
2016-03-09,02,19,22,2,0,10
2016-03-09,01,50,38,3,1,22
2016-03-09,00,39,16,4,2,26
2016-03-08,23,17,27,4,0,17
2016-03-08,22,26,25,3,1,19
2016-03-08,21,25,19,3,1,9
2016-03-08,20,39,33,6,4,17
2016-03-08,19,28,25,4,1,11
2016-03-08,18,27,28,3,2,10
2016-03-08,17,45,42,4,2,30
2016-03-08,16,33,30,5,1,25
2016-03-08,15,41,37,2,0,24
2016-03-08,14,28,14,1,1,15
2016-03-08,13,34,28,2,1,19
2016-03-08,12,16,9,2,0,5
2016-03-08,11,20,14,4,0,6
2016-03-08,10,30,24,3,2,4
2016-03-08,09,15,10,3,1,6
2016-03-08,08,22,20,4,2,7
2016-03-08,07,18,19,3,0,3
2016-03-08,06,18,15,3,1,4
2016-03-08,05,17,18,1,1,5
2016-03-08,04,32,24,2,0,12
2016-03-08,03,19,20,4,1,5
2016-03-08,02,27,25,5,1,13
2016-03-08,01,28,23,7,3,8
2016-03-08,00,31,22,8,3,7
2016-03-07,23,25,26,7,2,17
2016-03-07,22,33,29,5,2,17
2016-03-07,21,28,23,4,2,13
2016-03-07,20,37,33,9,5,8
2016-03-07,19,39,31,6,1,16
2016-03-07,18,31,31,5,1,5
2016-03-07,17,26,24,2,1,20
2016-03-07,16,30,26,3,1,11
2016-03-07,15,21,26,3,2,12
2016-03-07,14,28,27,7,1,6
2016-03-07,13,15,16,2,1,6
2016-03-07,12,28,26,6,2,10
2016-03-07,11,30,35,2,1,17
2016-03-07,10,16,17,2,0,5
2016-03-07,09,26,29,2,1,11
2016-03-07,08,14,16,0,1,3
2016-03-07,07,21,16,3,2,10
2016-03-07,06,21,9,1,1,13
2016-03-07,05,17,13,4,1,10
2016-03-07,04,17,15,1,0,17
2016-03-07,03,20,21,4,3,1
2016-03-07,02,27,24,3,1,8
2016-03-07,01,12,28,1,0,6
2016-03-07,00,21,21,7,4,7
2016-03-06,23,18,18,3,2,3
2016-03-06,22,14,13,2,0,10
2016-03-06,21,26,30,7,0,3
2016-03-06,20,20,29,3,1,8
2016-03-06,19,18,13,3,1,16
2016-03-06,18,17,17,5,1,8
2016-03-06,17,30,26,3,3,8
2016-03-06,16,14,14,3,1,5
2016-03-06,15,18,17,9,5,9
2016-03-06,14,46,46,6,2,24
2016-03-06,13,18,21,3,2,9
2016-03-06,12,15,10,0,0,8
2016-03-06,11,10,7,1,1,1
2016-03-06,10,18,14,1,0,5
2016-03-06,09,9,9,3,2,3
2016-03-06,08,7,5,1,1,2
2016-03-06,07,3,3,3,1,4
2016-03-06,06,11,9,2,0,4
2016-03-06,05,10,7,3,1,1
2016-03-06,04,8,8,2,0,4
2016-03-06,03,21,16,3,2,18
2016-03-06,02,13,14,0,0,3
2016-03-06,01,19,18,2,1,7
2016-03-06,00,31,31,5,1,7
2016-03-05,23,16,18,2,1,8
2016-03-05,22,18,16,3,0,8
2016-03-05,21,18,17,5,2,5
2016-03-05,20,19,21,3,1,4
2016-03-05,19,37,40,7,4,7
2016-03-05,18,23,34,3,0,8
2016-03-05,17,33,14,3,0,26
2016-03-05,16,24,16,3,1,3
2016-03-05,15,9,6,2,0,4
2016-03-05,14,11,9,2,1,5
2016-03-05,13,11,7,1,0,1
2016-03-05,12,20,12,0,0,4
2016-03-05,11,20,12,3,2,8
2016-03-05,10,23,18,0,0,9
2016-03-05,09,11,11,1,1,8
2016-03-05,08,6,4,0,0,3
2016-03-05,07,7,5,1,0,1
2016-03-05,06,16,3,0,0,12
2016-03-05,05,10,4,1,0,4
2016-03-05,04,15,3,0,0,7
2016-03-05,03,27,9,2,1,6
2016-03-05,02,12,13,4,3,2
2016-03-05,01,5,5,2,0,2
2016-03-05,00,14,11,3,1,4
2016-03-04,23,24,25,7,5,20
2016-03-04,22,30,26,3,1,10
2016-03-04,21,29,26,7,1,21
2016-03-04,20,21,21,8,3,6
2016-03-04,19,15,6,2,1,11
2016-03-04,18,40,33,5,2,12
2016-03-04,17,53,47,1,1,6
2016-03-04,16,64,58,3,2,5
2016-03-04,15,15,25,2,1,21
2016-03-04,14,22,28,5,3,21
2016-03-04,13,28,23,7,4,10
2016-03-04,12,22,24,5,3,8
2016-03-04,11,10,10,2,2,5
2016-03-04,10,15,25,5,4,14
2016-03-04,09,17,13,0,0,6
2016-03-04,08,17,12,1,0,10
2016-03-04,07,25,22,1,0,7
2016-03-04,06,12,13,0,0,16
2016-03-04,05,11,9,3,1,4
2016-03-04,04,12,11,1,0,8
2016-03-04,03,10,11,5,2,10
2016-03-04,02,18,17,4,1,6
2016-03-04,01,20,14,3,1,14
2016-03-04,00,29,21,8,3,7
2016-03-03,23,21,15,4,2,9
2016-03-03,22,36,32,6,4,17
2016-03-03,21,41,34,10,3,17
2016-03-03,20,36,30,3,2,40
2016-03-03,19,29,32,5,3,6
2016-03-03,18,39,34,3,3,19
2016-03-03,17,39,66,11,5,7
2016-03-03,16,35,30,5,1,8
2016-03-03,15,32,25,6,1,14
2016-03-03,14,32,31,4,4,16
2016-03-03,13,38,32,5,2,19
2016-03-03,12,21,15,4,2,21
2016-03-03,11,25,18,4,2,4
2016-03-03,10,26,29,4,0,17
2016-03-03,09,20,19,4,1,12
2016-03-03,08,23,30,3,2,15
2016-03-03,07,98,14,4,2,3
2016-03-03,06,28,11,0,0,9
2016-03-03,05,14,10,3,1,5
2016-03-03,04,35,40,4,2,4
2016-03-03,03,21,15,5,2,3
2016-03-03,02,36,35,8,5,10
2016-03-03,01,26,27,8,5,5
2016-03-03,00,37,34,11,3,9
2016-03-02,23,37,33,8,4,12
2016-03-02,22,47,45,7,3,20
2016-03-02,21,33,27,8,4,7
2016-03-02,20,35,26,11,6,24
2016-03-02,19,32,26,6,1,16
2016-03-02,18,27,43,6,2,13
2016-03-02,17,51,42,5,2,32
2016-03-02,16,39,47,7,5,23
2016-03-02,15,52,49,11,3,29
2016-03-02,14,47,37,5,3,26
2016-03-02,13,31,22,4,1,11
2016-03-02,12,29,27,1,0,11
2016-03-02,11,29,22,7,0,10
2016-03-02,10,35,23,4,3,3
2016-03-02,09,15,12,2,0,0
2016-03-02,08,23,34,2,0,7
2016-03-02,07,12,11,3,2,2
2016-03-02,06,13,7,2,1,1
2016-03-02,05,11,11,0,0,4
2016-03-02,04,47,51,3,1,6
2016-03-02,03,23,24,6,3,5
2016-03-02,02,19,23,5,2,10
2016-03-02,01,27,23,7,3,14
2016-03-02,00,21,19,5,0,7
2016-03-01,23,21,22,1,1,8
2016-03-01,22,20,23,3,1,14
2016-03-01,21,27,21,5,2,9
2016-03-01,20,40,53,5,3,30
2016-03-01,19,38,24,1,1,13
2016-03-01,18,48,37,6,2,39
2016-03-01,17,37,24,1,1,8
2016-03-01,16,64,36,4,1,19
2016-03-01,15,46,36,9,4,17
2016-03-01,14,32,39,10,7,15
2016-03-01,13,28,23,6,0,19
2016-03-01,12,32,19,3,1,13
2016-03-01,11,24,12,6,2,4
2016-03-01,10,15,16,1,1,5
2016-03-01,09,35,20,7,7,34
2016-03-01,08,35,12,3,0,9
2016-03-01,07,22,19,1,0,5
2016-03-01,06,15,15,0,0,12
2016-03-01,05,23,26,3,2,4
2016-03-01,04,21,17,1,1,6
2016-03-01,03,18,14,1,1,5
2016-03-01,02,32,30,6,2,15
2016-03-01,01,28,24,2,1,10
2016-03-01,00,12,20,8,5,4
2016-02-29,23,37,34,3,1,6
2016-02-29,22,56,50,6,1,10
2016-02-29,21,55,49,4,0,9
2016-02-29,20,48,43,3,2,25
2016-02-29,19,46,37,3,1,18
2016-02-29,18,61,54,5,1,21
2016-02-29,17,57,59,7,0,22
2016-02-29,16,56,48,6,2,31
2016-02-29,15,43,32,4,4,11
2016-02-29,14,30,41,6,0,14
2016-02-29,13,36,32,8,3,10
2016-02-29,12,32,41,3,0,16
2016-02-29,11,21,33,1,0,11
2016-02-29,10,33,27,0,0,12
2016-02-29,09,33,46,2,0,8
2016-02-29,08,22,23,0,0,4
2016-02-29,07,16,12,0,0,7
2016-02-29,06,12,9,2,1,6
2016-02-29,05,11,8,6,2,2
2016-02-29,04,7,6,2,1,1
2016-02-29,03,13,14,1,0,1
2016-02-29,02,28,21,2,0,9
2016-02-29,01,12,11,0,0,2
2016-02-29,00,33,18,4,2,4
2016-02-28,23,18,57,0,0,6
2016-02-28,22,25,17,3,1,18
2016-02-28,21,23,14,5,1,4
2016-02-28,20,20,17,5,2,5
2016-02-28,19,41,32,4,2,9
2016-02-28,18,23,25,4,0,6
2016-02-28,17,23,14,0,1,4
2016-02-28,16,22,55,5,1,13
2016-02-28,15,23,33,3,0,9
2016-02-28,14,36,24,1,1,4
2016-02-28,13,19,11,5,2,12
2016-02-28,12,30,22,6,1,4
2016-02-28,11,34,20,1,1,3
2016-02-28,10,19,7,2,2,5
2016-02-28,09,33,17,4,2,0
2016-02-28,08,15,13,0,0,1
2016-02-28,07,14,15,1,0,3
2016-02-28,06,22,22,1,0,0
2016-02-28,05,18,17,1,0,3
2016-02-28,04,10,10,3,0,4
2016-02-28,03,11,14,3,1,6
2016-02-28,02,18,12,2,1,2
2016-02-28,01,9,8,1,1,5
2016-02-28,00,11,12,3,2,2
2016-02-27,23,10,7,1,1,4
2016-02-27,22,24,22,3,2,8
2016-02-27,21,21,18,3,1,4
2016-02-27,20,22,18,1,0,5
2016-02-27,19,19,14,2,1,16
2016-02-27,18,24,19,2,0,8
2016-02-27,17,17,15,2,1,6
2016-02-27,16,35,37,3,0,19
2016-02-27,15,25,22,5,0,7
2016-02-27,14,20,21,0,0,8
2016-02-27,13,36,32,1,0,7
2016-02-27,12,13,6,2,0,11
2016-02-27,11,7,5,1,1,2
2016-02-27,10,19,12,0,0,3
2016-02-27,09,12,7,1,0,3
2016-02-27,08,14,16,2,1,3
2016-02-27,07,16,13,4,0,9
2016-02-27,06,12,9,1,0,1
2016-02-27,05,9,5,0,0,2
2016-02-27,04,15,6,2,1,1
2016-02-27,03,14,15,2,0,3
2016-02-27,02,12,11,4,4,8
2016-02-27,01,22,18,4,1,11
2016-02-27,00,25,32,6,4,9
2016-02-26,23,21,16,2,1,11
2016-02-26,22,28,27,5,2,9
2016-02-26,21,33,24,3,0,6
2016-02-26,20,31,30,7,1,6
2016-02-26,19,29,25,2,2,12
2016-02-26,18,48,45,5,2,5
2016-02-26,17,45,35,5,2,13
2016-02-26,16,54,46,4,2,16
2016-02-26,15,23,29,6,2,10
2016-02-26,14,37,29,3,1,11
2016-02-26,13,22,21,2,2,9
2016-02-26,12,32,23,2,0,13
2016-02-26,11,20,28,2,1,7
2016-02-26,10,24,21,0,0,13
2016-02-26,09,25,20,1,1,4
2016-02-26,08,40,38,2,0,7
2016-02-26,07,10,9,3,0,7
2016-02-26,06,13,11,2,1,6
2016-02-26,05,16,9,3,1,4
2016-02-26,04,7,8,3,2,1
2016-02-26,03,17,15,3,0,4
2016-02-26,02,13,14,1,1,1
2016-02-26,01,22,24,3,1,7
2016-02-26,00,28,26,4,1,12
2016-02-25,23,33,31,2,2,9
2016-02-25,22,34,38,8,2,12
2016-02-25,21,25,19,7,6,6
2016-02-25,20,32,28,2,1,7
2016-02-25,19,33,41,3,2,8
2016-02-25,18,34,31,10,3,11
2016-02-25,17,30,31,5,2,10
2016-02-25,16,37,23,3,1,16
2016-02-25,15,27,28,3,1,3
2016-02-25,14,37,34,2,2,9
2016-02-25,13,34,36,1,1,8
2016-02-25,12,21,23,2,0,11
2016-02-25,11,17,12,2,1,5
2016-02-25,10,8,10,3,2,2
2016-02-25,09,29,19,3,1,11
2016-02-25,08,27,27,5,1,8
2016-02-25,07,18,20,2,0,1
2016-02-25,06,9,9,2,2,0
2016-02-25,05,17,14,4,4,4
2016-02-25,04,33,34,6,0,8
2016-02-25,03,15,16,3,0,1
2016-02-25,02,52,24,2,0,6
2016-02-25,01,21,20,6,3,11
2016-02-25,00,19,17,3,1,13
2016-02-24,23,30,28,5,5,9
2016-02-24,22,42,33,4,2,8
2016-02-24,21,38,34,9,3,21
2016-02-24,20,46,40,4,2,22
2016-02-24,19,59,57,6,5,12
2016-02-24,18,40,30,7,1,6
2016-02-24,17,39,31,10,7,10
2016-02-24,16,28,33,3,1,7
2016-02-24,15,26,25,4,1,10
2016-02-24,14,18,25,1,1,3
2016-02-24,13,29,29,6,3,12
2016-02-24,12,29,22,7,4,4
2016-02-24,11,38,30,0,0,7
2016-02-24,10,22,17,1,0,2
2016-02-24,09,26,22,4,4,4
2016-02-24,08,17,13,2,0,1
2016-02-24,07,10,14,4,1,2
2016-02-24,06,23,17,4,0,4
2016-02-24,05,14,12,3,0,1
2016-02-24,04,13,12,3,2,7
2016-02-24,03,12,11,1,0,2
2016-02-24,02,30,24,4,3,12
2016-02-24,01,25,20,5,1,5
2016-02-24,00,30,30,6,5,6
2016-02-23,23,30,36,2,1,8
2016-02-23,22,24,25,7,3,16
2016-02-23,21,26,23,4,0,12
2016-02-23,20,39,37,6,1,19
2016-02-23,19,32,45,6,1,14
2016-02-23,18,37,40,5,0,20
2016-02-23,17,64,68,2,1,6
2016-02-23,16,23,21,6,0,3
2016-02-23,15,28,28,5,2,7
2016-02-23,14,61,53,3,2,12
2016-02-23,13,37,21,1,0,12
2016-02-23,12,22,17,2,1,7
2016-02-23,11,13,12,4,1,4
2016-02-23,10,21,14,2,2,1
2016-02-23,09,20,26,1,0,1
2016-02-23,08,20,21,0,0,3
2016-02-23,07,23,21,2,0,8
2016-02-23,06,10,9,1,0,3
2016-02-23,05,18,18,4,3,12
2016-02-23,04,20,23,2,3,9
2016-02-23,03,14,15,4,3,5
2016-02-23,02,19,17,4,1,11
2016-02-23,01,35,46,3,2,23
2016-02-23,00,23,27,6,4,11
2016-02-22,23,19,19,4,1,9
2016-02-22,22,51,33,2,1,15
2016-02-22,21,47,40,4,1,5
2016-02-22,20,64,35,8,2,11
2016-02-22,19,41,23,5,3,8
2016-02-22,18,37,36,5,1,8
2016-02-22,17,31,26,3,2,11
2016-02-22,16,33,35,4,2,11
2016-02-22,15,35,25,7,2,9
2016-02-22,14,26,15,5,2,8
2016-02-22,13,39,28,3,1,1
2016-02-22,12,37,33,3,0,6
2016-02-22,11,37,32,2,0,7
2016-02-22,10,16,17,5,4,7
2016-02-22,09,20,15,2,1,7
2016-02-22,08,5,6,0,0,2
2016-02-22,07,12,18,3,2,9
2016-02-22,06,22,28,3,1,8
2016-02-22,05,13,8,1,0,7
2016-02-22,04,13,8,2,0,2
2016-02-22,03,20,16,5,3,8
2016-02-22,02,45,37,4,1,20
2016-02-22,01,30,27,8,4,5
2016-02-22,00,11,12,6,5,3
2016-02-21,23,19,16,3,3,5
2016-02-21,22,18,18,4,2,0
2016-02-21,21,16,14,0,0,3
2016-02-21,20,36,31,5,4,6
2016-02-21,19,33,30,3,0,9
2016-02-21,18,23,23,3,2,15
2016-02-21,17,21,16,3,0,8
2016-02-21,16,28,22,0,0,5
2016-02-21,15,15,14,2,0,2
2016-02-21,14,19,13,1,0,10
2016-02-21,13,11,14,0,0,2
2016-02-21,12,11,9,0,3,2
2016-02-21,11,16,7,1,9,3
2016-02-21,10,9,3,3,1,5
2016-02-21,09,10,9,3,0,2
2016-02-21,08,15,10,2,0,1
2016-02-21,07,4,1,1,0,0
2016-02-21,06,5,6,1,0,4
2016-02-21,05,7,5,1,1,2
2016-02-21,04,14,13,1,1,0
2016-02-21,03,8,8,1,1,1
2016-02-21,02,10,11,0,0,2
2016-02-21,01,9,7,2,2,4
2016-02-21,00,16,10,2,2,4
2016-02-20,23,22,14,7,4,12
2016-02-20,22,26,17,3,1,4
2016-02-20,21,18,17,5,1,1
2016-02-20,20,20,14,2,1,9
2016-02-20,19,16,14,1,0,2
2016-02-20,18,20,19,1,1,8
2016-02-20,17,12,10,0,0,8
2016-02-20,16,24,18,5,1,7
2016-02-20,15,29,12,2,0,4
2016-02-20,14,11,5,5,2,6
2016-02-20,13,26,15,4,0,6
2016-02-20,12,14,14,3,0,4
2016-02-20,11,10,7,2,0,1
2016-02-20,10,10,10,1,0,5
2016-02-20,09,21,14,1,0,7
2016-02-20,08,13,5,1,0,5
2016-02-20,07,17,13,3,0,1
2016-02-20,06,5,2,0,0,3
2016-02-20,05,11,9,4,3,11
2016-02-20,04,11,9,8,7,3
2016-02-20,03,10,7,8,5,0
2016-02-20,02,11,15,6,3,5
2016-02-20,01,14,10,10,7,1
2016-02-20,00,58,44,6,4,7
2016-02-19,23,70,56,8,8,10
2016-02-19,22,15,18,4,1,3
2016-02-19,21,31,29,8,2,7
2016-02-19,20,29,27,2,0,12
2016-02-19,19,8,10,6,3,3
2016-02-19,18,33,34,2,0,7
2016-02-19,17,46,42,2,0,15
2016-02-19,16,32,31,1,0,7
2016-02-19,15,25,24,4,0,15
2016-02-19,14,27,26,2,0,8
2016-02-19,13,25,23,3,0,10
2016-02-19,12,21,19,2,0,8
2016-02-19,11,18,21,3,0,6
2016-02-19,10,11,9,4,1,2
2016-02-19,09,10,7,1,1,2
2016-02-19,08,9,4,5,1,6
2016-02-19,07,12,10,1,1,2
2016-02-19,06,12,23,1,1,17
2016-02-19,05,9,9,1,1,5
2016-02-19,04,10,6,6,4,3
2016-02-19,03,25,20,2,1,3
2016-02-19,02,17,9,7,4,5
2016-02-19,01,28,26,6,2,15
2016-02-19,00,38,27,10,2,4
2016-02-18,23,37,22,3,0,6
2016-02-18,22,26,25,2,1,15
2016-02-18,21,30,31,6,0,16
2016-02-18,20,36,31,7,1,8
2016-02-18,19,36,29,3,2,6
2016-02-18,18,29,26,4,2,7
2016-02-18,17,33,30,2,1,9
2016-02-18,16,31,25,4,1,7
2016-02-18,15,42,28,3,0,18
2016-02-18,14,31,24,5,1,10
2016-02-18,13,22,23,3,0,4
2016-02-18,12,19,18,2,0,7
2016-02-18,11,22,19,2,1,4
2016-02-18,10,30,25,2,1,3
2016-02-18,09,16,14,1,0,3
2016-02-18,08,12,11,0,0,2
2016-02-18,07,16,19,0,0,3
2016-02-18,06,10,8,2,1,4
2016-02-18,05,11,9,2,0,1
2016-02-18,04,14,14,4,1,7
2016-02-18,03,11,14,5,3,4
2016-02-18,02,24,17,3,0,6
2016-02-18,01,21,19,0,0,8
2016-02-18,00,43,39,3,0,8
2016-02-17,23,22,22,6,4,10
2016-02-17,22,22,22,7,5,10
2016-02-17,21,29,22,2,0,2
2016-02-17,20,44,31,4,3,12
2016-02-17,19,28,20,7,2,2
2016-02-17,18,44,41,6,1,14
2016-02-17,17,34,34,6,1,13
2016-02-17,16,26,27,3,3,12
2016-02-17,15,41,42,3,0,14
2016-02-17,14,24,20,6,1,2
2016-02-17,13,20,19,3,2,9
2016-02-17,12,34,26,3,1,4
2016-02-17,11,22,28,4,1,9
2016-02-17,10,22,15,1,0,6
2016-02-17,09,11,8,1,0,3
2016-02-17,08,15,9,6,1,3
2016-02-17,07,18,14,2,0,2
2016-02-17,06,17,17,1,0,8
2016-02-17,05,7,7,1,0,2
2016-02-17,04,15,16,1,1,8
2016-02-17,03,31,28,2,0,3
2016-02-17,02,39,38,1,0,6
2016-02-17,01,20,16,4,1,9
2016-02-17,00,13,12,2,0,4
2016-02-16,23,20,15,2,1,4
2016-02-16,22,27,17,8,0,8
2016-02-16,21,33,25,7,2,14
2016-02-16,20,31,32,6,2,4
2016-02-16,19,36,24,8,2,7
2016-02-16,18,29,22,5,1,5
2016-02-16,17,27,16,2,1,13
2016-02-16,16,32,31,2,2,14
2016-02-16,15,23,20,5,1,7
2016-02-16,14,30,23,6,0,4
2016-02-16,13,25,22,5,2,5
2016-02-16,12,23,18,2,1,7
2016-02-16,11,16,17,3,1,4
2016-02-16,10,19,14,1,1,4
2016-02-16,09,26,21,2,1,6
2016-02-16,08,19,11,1,1,6
2016-02-16,07,10,11,3,1,6
2016-02-16,06,31,31,3,0,2
2016-02-16,05,8,6,2,0,1
2016-02-16,04,12,15,3,1,3
2016-02-16,03,34,28,1,0,4
2016-02-16,02,35,31,1,1,2
2016-02-16,01,18,16,2,0,6
2016-02-16,00,12,46,7,2,7
2016-02-15,23,23,23,9,4,7
2016-02-15,22,38,39,4,0,7
2016-02-15,21,24,23,4,1,9
2016-02-15,20,20,20,4,1,6
2016-02-15,19,37,28,1,0,14
2016-02-15,18,29,19,7,1,7
2016-02-15,17,36,36,5,1,18
2016-02-15,16,26,21,4,0,12
2016-02-15,15,30,27,6,3,7
2016-02-15,14,39,37,6,3,8
2016-02-15,13,23,17,3,0,1
2016-02-15,12,11,8,2,0,3
2016-02-15,11,30,25,0,0,8
2016-02-15,10,23,16,2,1,6
2016-02-15,09,16,13,1,0,3
2016-02-15,08,12,19,1,0,6
2016-02-15,07,47,44,0,0,5
2016-02-15,06,19,18,1,1,0
2016-02-15,05,15,15,2,0,5
2016-02-15,04,20,17,0,0,3
2016-02-15,03,25,28,1,0,5
2016-02-15,02,13,12,0,0,8
2016-02-15,01,14,10,0,0,0
2016-02-15,00,21,14,1,0,4
2016-02-14,23,12,10,2,1,6
2016-02-14,22,16,13,0,0,5
2016-02-14,21,39,37,3,1,6
2016-02-14,20,29,21,3,0,6
2016-02-14,19,22,15,3,2,13
2016-02-14,18,13,14,4,2,2
2016-02-14,17,26,22,6,3,7
2016-02-14,16,43,41,2,1,9
2016-02-14,15,18,13,3,2,6
2016-02-14,14,16,13,1,1,3
2016-02-14,13,23,18,4,2,5
2016-02-14,12,7,6,0,0,4
2016-02-14,11,12,12,2,1,2
2016-02-14,10,11,7,1,1,4
2016-02-14,09,9,7,0,0,0
2016-02-14,08,9,7,3,1,2
2016-02-14,07,10,9,2,0,0
2016-02-14,06,13,11,0,0,2
2016-02-14,05,6,1,1,2,2
2016-02-14,04,7,7,3,1,10
2016-02-14,03,15,10,2,0,5
2016-02-14,02,12,13,2,1,4
2016-02-14,01,13,10,8,3,1
2016-02-14,00,9,8,0,0,3
2016-02-13,23,18,17,2,0,11
2016-02-13,22,35,29,1,1,5
2016-02-13,21,17,16,5,2,7
2016-02-13,20,19,13,4,2,2
2016-02-13,19,28,23,4,1,12
2016-02-13,18,33,29,3,0,10
2016-02-13,17,16,13,2,0,5
2016-02-13,16,18,14,2,3,7
2016-02-13,15,13,12,3,1,1
2016-02-13,14,16,13,1,0,6
2016-02-13,13,21,21,0,0,8
2016-02-13,12,17,12,1,0,4
2016-02-13,11,12,7,1,0,5
2016-02-13,10,10,8,3,0,1
2016-02-13,09,10,11,5,1,1
2016-02-13,08,12,17,2,1,3
2016-02-13,07,9,7,1,0,3
2016-02-13,06,10,10,2,0,2
2016-02-13,05,11,10,2,0,1
2016-02-13,04,15,20,5,2,6
2016-02-13,03,16,17,2,0,10
2016-02-13,02,12,10,0,0,2
2016-02-13,01,10,10,1,0,4
2016-02-13,00,13,13,1,1,5
2016-02-12,23,19,19,3,1,3
2016-02-12,22,28,23,4,1,2
2016-02-12,21,26,25,7,2,9
2016-02-12,20,31,33,3,0,9
2016-02-12,19,17,22,3,1,6
2016-02-12,18,20,14,3,2,7
2016-02-12,17,36,24,7,2,8
2016-02-12,16,39,31,2,0,18
2016-02-12,15,24,25,2,0,5
2016-02-12,14,20,17,1,0,4
2016-02-12,13,20,19,4,3,7
2016-02-12,12,18,13,2,1,2
2016-02-12,11,17,16,2,2,5
2016-02-12,10,20,16,3,0,3
2016-02-12,09,12,10,1,1,2
2016-02-12,08,14,7,0,0,3
2016-02-12,07,13,19,2,2,6
2016-02-12,06,15,16,1,0,6
2016-02-12,05,12,11,4,3,0
2016-02-12,04,5,5,2,2,2
2016-02-12,03,8,8,5,3,2
2016-02-12,02,16,12,1,0,0
2016-02-12,01,21,18,3,0,3
2016-02-12,00,10,13,0,0,3
2016-02-11,23,28,29,4,1,12
2016-02-11,22,28,18,3,1,13
2016-02-11,21,26,19,1,1,8
2016-02-11,20,40,25,3,0,7
2016-02-11,19,31,27,3,2,21
2016-02-11,18,32,35,6,2,62
2016-02-11,17,35,41,5,2,8
2016-02-11,16,30,27,4,0,12
2016-02-11,15,35,33,1,1,12
2016-02-11,14,21,11,0,0,3
2016-02-11,13,23,12,1,1,6
2016-02-11,12,28,15,3,1,2
2016-02-11,11,24,18,0,0,3
2016-02-11,10,56,56,1,0,1
2016-02-11,09,23,13,0,0,1
2016-02-11,08,34,29,2,1,17
2016-02-11,07,16,17,2,0,12
2016-02-11,06,15,9,4,1,1
2016-02-11,05,15,15,0,0,4
2016-02-11,04,12,9,2,0,6
2016-02-11,03,20,15,2,1,9
2016-02-11,02,22,19,3,2,7
2016-02-11,01,24,18,1,0,4
2016-02-11,00,49,50,6,3,36
2016-02-10,23,20,19,3,0,48
2016-02-10,22,7,10,2,2,0
2016-02-10,21,26,20,4,1,7
2016-02-10,20,87,75,3,1,14
2016-02-10,19,77,64,5,3,15
2016-02-10,18,43,27,4,2,6
2016-02-10,17,77,73,5,0,61
2016-02-10,16,57,42,7,4,32
2016-02-10,15,32,21,4,2,10
2016-02-10,14,31,22,7,1,2
2016-02-10,13,24,20,3,1,3
2016-02-10,12,25,18,2,1,7
2016-02-10,11,40,15,0,0,23
2016-02-10,10,29,19,1,0,7
2016-02-10,09,26,16,0,0,1
2016-02-10,08,12,6,1,0,5
2016-02-10,07,7,9,0,0,3
2016-02-10,06,21,21,3,1,1
2016-02-10,05,9,7,2,1,0
2016-02-10,04,16,12,0,0,7
2016-02-10,03,15,12,1,0,3
2016-02-10,02,21,15,2,1,6
2016-02-10,01,31,15,1,0,17
2016-02-10,00,22,17,0,0,8
2016-02-09,23,44,33,2,0,5
2016-02-09,22,36,26,5,2,6
2016-02-09,21,38,26,2,0,15
2016-02-09,20,30,23,4,3,14
2016-02-09,19,42,23,4,2,13
2016-02-09,18,44,38,1,0,7
2016-02-09,17,40,32,7,2,13
2016-02-09,16,25,24,4,1,5
2016-02-09,15,34,38,5,2,14
2016-02-09,14,23,17,4,0,7
2016-02-09,13,23,27,1,1,10
2016-02-09,12,27,19,2,1,7
2016-02-09,11,22,15,1,1,1
2016-02-09,10,20,16,2,0,10
2016-02-09,09,19,18,3,1,1
2016-02-09,08,26,25,3,0,6
2016-02-09,07,11,10,2,1,0
2016-02-09,06,28,27,1,0,14
2016-02-09,05,12,10,2,1,3
2016-02-09,04,24,17,0,0,4
2016-02-09,03,10,10,0,0,3
2016-02-09,02,23,24,1,1,8
2016-02-09,01,20,31,4,2,3
2016-02-09,00,23,16,3,1,17
2016-02-08,23,37,37,10,5,13
2016-02-08,22,58,43,5,2,17
2016-02-08,21,25,24,5,3,9
2016-02-08,20,29,27,7,2,6
2016-02-08,19,53,36,3,0,13
2016-02-08,18,46,33,6,2,13
2016-02-08,17,53,42,4,1,10
2016-02-08,16,30,29,5,2,13
2016-02-08,15,35,28,6,2,5
2016-02-08,14,20,11,3,1,3
2016-02-08,13,43,25,5,2,13
2016-02-08,12,24,24,3,1,2
2016-02-08,11,24,16,6,1,5
2016-02-08,10,25,29,1,0,6
2016-02-08,09,23,19,2,1,7
2016-02-08,08,16,9,2,2,4
2016-02-08,07,27,7,1,0,1
2016-02-08,06,13,8,1,0,2
2016-02-08,05,5,4,0,0,5
2016-02-08,04,5,5,2,1,0
2016-02-08,03,15,12,1,1,5
2016-02-08,02,12,10,0,0,1
2016-02-08,01,15,8,1,0,1
2016-02-08,00,30,25,3,2,1
2016-02-07,23,10,7,0,0,0
2016-02-07,22,17,9,5,2,5
2016-02-07,21,10,10,1,0,3
2016-02-07,20,22,16,4,0,3
2016-02-07,19,18,14,0,0,1
2016-02-07,18,22,21,5,3,5
2016-02-07,17,28,21,2,0,4
2016-02-07,16,23,17,3,0,9
2016-02-07,15,16,27,3,0,9
2016-02-07,14,10,9,1,0,3
2016-02-07,13,9,6,1,0,2
2016-02-07,12,16,15,1,1,1
2016-02-07,11,31,25,2,1,3
2016-02-07,10,13,11,0,0,2
2016-02-07,09,9,9,1,0,1
2016-02-07,08,6,4,1,0,1
2016-02-07,07,15,13,2,0,4
2016-02-07,06,9,12,0,0,9
2016-02-07,05,14,15,2,1,7
2016-02-07,04,15,11,3,1,7
2016-02-07,03,35,29,2,0,8
2016-02-07,02,21,17,1,0,3
2016-02-07,01,20,16,4,1,2
2016-02-07,00,19,17,5,0,8
2016-02-06,23,43,24,6,0,19
2016-02-06,22,27,23,2,2,5
2016-02-06,21,25,16,3,1,6
2016-02-06,20,24,27,3,1,9
2016-02-06,19,28,27,5,4,4
2016-02-06,18,29,23,1,1,12
2016-02-06,17,26,22,1,1,15
2016-02-06,16,20,17,2,2,4
2016-02-06,15,17,13,2,0,3
2016-02-06,14,18,19,1,0,2
2016-02-06,13,22,17,2,0,4
2016-02-06,12,23,21,1,0,3
2016-02-06,11,17,16,2,2,3
2016-02-06,10,17,13,0,0,1
2016-02-06,09,16,11,1,0,0
2016-02-06,08,8,4,0,0,3
2016-02-06,07,19,7,0,0,0
2016-02-06,06,14,9,2,1,5
2016-02-06,05,12,7,0,0,4
2016-02-06,04,17,12,3,3,0
2016-02-06,03,11,12,1,1,4
2016-02-06,02,18,14,1,0,14
2016-02-06,01,19,16,3,3,6
2016-02-06,00,12,11,3,1,3
2016-02-05,23,30,25,2,0,14
2016-02-05,22,41,27,7,2,13
2016-02-05,21,22,20,5,2,2
2016-02-05,20,24,18,8,2,4
2016-02-05,19,30,28,4,1,10
2016-02-05,18,32,24,5,0,8
2016-02-05,17,37,22,4,2,3
2016-02-05,16,20,20,6,4,6
2016-02-05,15,24,17,5,0,16
2016-02-05,14,27,23,2,2,8
2016-02-05,13,51,39,3,2,7
2016-02-05,12,16,16,1,0,6
2016-02-05,11,28,25,5,4,4
2016-02-05,10,23,23,2,0,13
2016-02-05,09,17,10,5,0,3
2016-02-05,08,13,12,1,0,3
2016-02-05,07,8,7,2,0,7
2016-02-05,06,17,14,0,0,5
2016-02-05,05,9,12,4,1,5
2016-02-05,04,11,10,4,1,2
2016-02-05,03,3,3,6,3,2
2016-02-05,02,15,19,3,1,18
2016-02-05,01,28,21,4,2,15
2016-02-05,00,17,14,3,0,3
2016-02-04,23,21,21,3,2,4
2016-02-04,22,41,36,2,1,18
2016-02-04,21,30,28,1,1,10
2016-02-04,20,32,19,3,1,12
2016-02-04,19,33,26,8,0,4
2016-02-04,18,29,30,3,0,7
2016-02-04,17,34,30,6,3,7
2016-02-04,16,43,31,2,0,9
2016-02-04,15,35,30,5,1,1
2016-02-04,14,35,27,1,1,5
2016-02-04,13,43,37,5,2,4
2016-02-04,12,31,21,4,1,2
2016-02-04,11,13,18,2,1,9
2016-02-04,10,25,23,2,0,3
2016-02-04,09,15,16,1,0,3
2016-02-04,08,26,14,1,0,4
2016-02-04,07,7,7,2,0,5
2016-02-04,06,29,23,0,0,10
2016-02-04,05,12,6,0,0,3
2016-02-04,04,13,13,1,0,5
2016-02-04,03,11,8,3,4,4
2016-02-04,02,17,13,5,3,7
2016-02-04,01,10,11,1,0,2
2016-02-04,00,31,30,5,4,19
2016-02-03,23,15,17,6,1,7
2016-02-03,22,36,37,9,5,7
2016-02-03,21,43,27,4,2,15
2016-02-03,20,47,38,8,2,4
2016-02-03,19,34,32,7,2,14
2016-02-03,18,24,20,1,1,7
2016-02-03,17,37,30,9,2,9
2016-02-03,16,32,20,3,0,8
2016-02-03,15,19,16,3,1,4
2016-02-03,14,29,20,5,0,10
2016-02-03,13,24,25,4,0,4
2016-02-03,12,15,13,4,0,2
2016-02-03,11,17,16,1,1,3
2016-02-03,10,14,12,4,2,2
2016-02-03,09,11,6,1,0,3
2016-02-03,08,16,14,1,0,3
2016-02-03,07,19,13,0,0,20
2016-02-03,06,21,23,5,2,1
2016-02-03,05,14,8,1,0,6
2016-02-03,04,26,25,1,0,11
2016-02-03,03,9,10,0,0,3
2016-02-03,02,30,31,5,0,2
2016-02-03,01,30,17,1,0,12
2016-02-03,00,22,15,1,0,4
2016-02-02,23,31,22,4,1,11
2016-02-02,22,29,24,4,0,7
2016-02-02,21,50,49,0,0,9
2016-02-02,20,33,25,1,0,11
2016-02-02,19,17,13,1,0,5
2016-02-02,18,31,25,6,1,7
2016-02-02,17,32,31,7,0,16
2016-02-02,16,29,21,4,0,8
2016-02-02,15,28,20,2,0,8
2016-02-02,14,22,15,3,0,4
2016-02-02,13,22,18,2,2,8
2016-02-02,12,23,21,5,1,5
2016-02-02,11,16,23,5,2,5
2016-02-02,10,28,22,0,0,5
2016-02-02,09,12,9,0,0,2
2016-02-02,08,10,5,3,0,0
2016-02-02,07,14,7,2,1,3
2016-02-02,06,12,13,4,1,2
2016-02-02,05,16,11,2,0,1
2016-02-02,04,21,18,2,0,7
2016-02-02,03,15,11,3,0,4
2016-02-02,02,23,13,8,1,4
2016-02-02,01,18,16,2,0,6
2016-02-02,00,17,14,5,0,2
2016-02-01,23,27,25,2,0,10
2016-02-01,22,29,28,3,0,4
2016-02-01,21,18,15,3,2,7
2016-02-01,20,33,25,3,2,6
2016-02-01,19,22,28,2,0,7
2016-02-01,18,32,27,2,1,5
2016-02-01,17,60,54,5,2,3
2016-02-01,16,38,40,7,2,13
2016-02-01,15,32,40,4,1,6
2016-02-01,14,36,28,4,0,8
2016-02-01,13,24,14,3,0,6
2016-02-01,12,19,16,2,0,6
2016-02-01,11,22,19,0,0,3
2016-02-01,10,23,21,1,1,5
2016-02-01,09,17,18,2,0,3
2016-02-01,08,18,14,2,1,6
2016-02-01,07,11,12,0,0,4
2016-02-01,06,8,5,0,0,4
2016-02-01,05,4,4,2,1,8
2016-02-01,04,15,16,1,0,9
2016-02-01,03,22,12,0,0,1
2016-02-01,02,12,10,2,0,1
2016-02-01,01,25,25,4,2,4
2016-02-01,00,18,14,7,3,2
2016-01-31,23,13,7,2,0,6
2016-01-31,22,24,10,1,1,8
2016-01-31,21,26,11,1,0,5
2016-01-31,20,15,11,3,1,4
2016-01-31,19,9,10,3,1,0
2016-01-31,18,23,19,3,0,0
2016-01-31,17,25,24,1,1,6
2016-01-31,16,17,14,2,0,1
2016-01-31,15,12,8,0,0,2
2016-01-31,14,20,19,2,1,2
2016-01-31,13,7,4,0,0,3
2016-01-31,12,12,11,1,0,0
2016-01-31,11,14,8,1,0,1
2016-01-31,10,9,12,4,1,3
2016-01-31,09,17,16,0,0,2
2016-01-31,08,10,8,1,0,4
2016-01-31,07,9,7,2,0,0
2016-01-31,06,11,3,0,0,6
2016-01-31,05,9,11,0,0,1
2016-01-31,04,12,10,1,0,1
2016-01-31,03,11,10,2,1,2
2016-01-31,02,11,7,1,1,5
2016-01-31,01,12,12,2,0,3
2016-01-31,00,16,18,4,2,0
2016-01-30,23,13,10,2,0,3
2016-01-30,22,17,15,2,1,3
2016-01-30,21,20,15,2,0,3
2016-01-30,20,20,13,4,1,0
2016-01-30,19,21,14,4,2,3
2016-01-30,18,30,26,2,0,6
2016-01-30,17,16,16,5,2,2
2016-01-30,16,18,15,4,0,1
2016-01-30,15,18,9,2,0,7
2016-01-30,14,15,12,1,0,4
2016-01-30,13,9,6,4,0,1
2016-01-30,12,27,21,3,0,6
2016-01-30,11,14,9,0,0,4
2016-01-30,10,9,5,2,0,5
2016-01-30,09,6,5,2,0,1
2016-01-30,08,10,5,1,0,0
2016-01-30,07,3,2,0,0,1
2016-01-30,06,8,9,1,0,3
2016-01-30,05,9,6,1,0,1
2016-01-30,04,34,33,0,1,0
2016-01-30,03,10,11,2,0,1
2016-01-30,02,10,8,3,0,1
2016-01-30,01,23,18,2,1,4
2016-01-30,00,14,16,1,1,2
2016-01-29,23,26,23,2,1,5
2016-01-29,22,26,28,5,2,11
2016-01-29,21,28,24,4,0,8
2016-01-29,20,19,17,1,0,4
2016-01-29,19,22,22,4,0,5
2016-01-29,18,23,16,4,0,7
2016-01-29,17,34,27,4,2,4
2016-01-29,16,29,26,4,2,3
2016-01-29,15,31,34,2,2,9
2016-01-29,14,22,19,0,0,3
2016-01-29,13,19,12,0,0,7
2016-01-29,12,18,14,1,1,4
2016-01-29,11,17,16,3,1,3
2016-01-29,10,15,6,2,0,4
2016-01-29,09,15,11,0,0,4
2016-01-29,08,10,7,2,2,2
2016-01-29,07,14,11,3,0,2
2016-01-29,06,7,6,2,1,7
2016-01-29,05,15,11,2,0,1
2016-01-29,04,10,8,3,0,1
2016-01-29,03,14,7,4,1,5
2016-01-29,02,8,8,1,1,1
2016-01-29,01,19,20,7,1,1
2016-01-29,00,16,14,2,0,4
2016-01-28,23,15,12,4,3,3
2016-01-28,22,22,20,2,0,5
2016-01-28,21,28,28,3,1,7
2016-01-28,20,44,35,8,0,13
2016-01-28,19,39,29,6,3,0
2016-01-28,18,17,14,3,1,5
2016-01-28,17,21,21,3,1,6
2016-01-28,16,30,25,5,3,7
2016-01-28,15,36,33,1,0,4
2016-01-28,14,21,24,2,2,7
2016-01-28,13,25,18,2,1,2
2016-01-28,12,15,12,1,0,3
2016-01-28,11,24,18,4,0,0
2016-01-28,10,22,15,3,0,3
2016-01-28,09,37,21,4,1,15
2016-01-28,08,31,14,3,0,17
2016-01-28,07,22,18,3,1,2
2016-01-28,06,15,12,0,0,1
2016-01-28,05,18,17,1,1,4
2016-01-28,04,14,9,6,2,0
2016-01-28,03,11,9,1,1,0
2016-01-28,02,23,19,3,0,2
2016-01-28,01,6,7,0,0,1
2016-01-28,00,24,11,4,2,1
2016-01-27,23,23,17,2,0,2
2016-01-27,22,32,17,4,1,3
2016-01-27,21,37,22,2,2,9
2016-01-27,20,35,28,6,4,8
2016-01-27,19,40,30,10,2,6
2016-01-27,18,42,33,4,3,13
2016-01-27,17,38,31,3,1,14
2016-01-27,16,26,19,2,0,6
2016-01-27,15,19,12,3,1,0
2016-01-27,14,38,34,5,2,6
2016-01-27,13,24,15,3,1,6
2016-01-27,12,18,16,2,0,1
2016-01-27,11,20,16,1,1,3
2016-01-27,10,34,17,5,0,7
2016-01-27,09,26,11,4,1,3
2016-01-27,08,10,11,0,0,2
2016-01-27,07,12,5,0,0,1
2016-01-27,06,18,20,5,0,6
2016-01-27,05,17,15,1,1,4
2016-01-27,04,13,12,2,0,4
2016-01-27,03,11,7,1,1,0
2016-01-27,02,12,9,1,0,6
2016-01-27,01,12,10,1,0,1
2016-01-27,00,14,13,3,1,3
2016-01-26,23,39,39,4,1,14
2016-01-26,22,34,22,2,1,9
2016-01-26,21,30,14,6,1,3
2016-01-26,20,23,40,3,2,12
2016-01-26,19,45,38,3,0,10
2016-01-26,18,44,36,6,3,1
2016-01-26,17,24,21,2,0,5
2016-01-26,16,38,31,1,1,8
2016-01-26,15,32,26,4,1,7
2016-01-26,14,35,29,1,0,4
2016-01-26,13,39,28,1,0,5
2016-01-26,12,21,10,1,0,1
2016-01-26,11,18,16,2,2,3
2016-01-26,10,15,12,4,0,3
2016-01-26,09,12,13,2,2,3
2016-01-26,08,16,15,2,1,1
2016-01-26,07,9,16,1,0,5
2016-01-26,06,7,6,2,0,0
2016-01-26,05,5,5,2,1,2
2016-01-26,04,16,16,2,0,1
2016-01-26,03,14,8,5,1,0
2016-01-26,02,15,12,2,1,6
2016-01-26,01,20,15,2,1,14
2016-01-26,00,26,18,1,0,3
2016-01-25,23,13,13,2,0,6
2016-01-25,22,33,22,2,2,6
2016-01-25,21,34,21,3,1,15
2016-01-25,20,35,26,1,0,21
2016-01-25,19,37,26,3,0,12
2016-01-25,18,34,23,3,2,9
2016-01-25,17,28,19,1,0,4
2016-01-25,16,31,28,2,1,5
2016-01-25,15,18,16,3,0,5
2016-01-25,14,31,25,3,4,3
2016-01-25,13,20,21,3,0,0
2016-01-25,12,27,29,4,0,3
2016-01-25,11,12,8,2,2,4
2016-01-25,10,24,8,0,0,5
2016-01-25,09,10,9,2,1,2
2016-01-25,08,16,9,0,0,3
2016-01-25,07,10,9,5,0,2
2016-01-25,06,6,5,1,1,0
2016-01-25,05,13,12,2,1,2
2016-01-25,04,5,3,0,0,1
2016-01-25,03,20,20,1,0,10
2016-01-25,02,9,10,1,1,2
2016-01-25,01,1,3,2,1,0
2016-01-25,00,15,10,4,1,6
2016-01-24,23,19,13,1,0,3
2016-01-24,22,18,19,3,1,5
2016-01-24,21,15,14,2,1,1
2016-01-24,20,16,15,1,0,7
2016-01-24,19,13,12,1,0,2
2016-01-24,18,15,10,1,1,3
2016-01-24,17,10,7,2,0,1
2016-01-24,16,6,3,0,0,0
2016-01-24,15,7,6,0,0,0
2016-01-24,14,20,15,2,1,2
2016-01-24,13,11,10,0,0,3
2016-01-24,12,7,4,0,0,3
2016-01-24,11,14,11,0,0,3
2016-01-24,10,4,4,1,0,0
2016-01-24,09,15,12,3,3,3
2016-01-24,08,15,15,0,0,2
2016-01-24,07,8,4,2,0,1
2016-01-24,06,2,3,1,1,0
2016-01-24,05,7,9,3,1,0
2016-01-24,04,8,6,0,0,0
2016-01-24,03,8,4,0,0,3
2016-01-24,02,4,4,0,0,0
2016-01-24,01,9,5,1,0,0
2016-01-24,00,16,15,5,1,2
2016-01-23,23,10,8,3,0,3
2016-01-23,22,13,14,4,0,5
2016-01-23,21,16,10,1,1,8
2016-01-23,20,11,10,2,0,5
2016-01-23,19,22,21,7,1,2
2016-01-23,18,10,10,0,0,9
2016-01-23,17,18,17,1,0,4
2016-01-23,16,14,12,2,2,0
2016-01-23,15,12,11,2,0,1
2016-01-23,14,9,8,1,1,1
2016-01-23,13,12,9,2,1,0
2016-01-23,12,17,16,2,1,6
2016-01-23,11,8,8,2,1,1
2016-01-23,10,3,4,1,0,0
2016-01-23,09,1,1,1,0,0
2016-01-23,08,8,6,2,0,0
2016-01-23,07,10,6,4,0,1
2016-01-23,06,8,10,4,1,0
2016-01-23,05,10,11,2,1,4
2016-01-23,04,11,11,0,0,2
2016-01-23,03,14,13,2,0,5
2016-01-23,02,8,4,1,1,2
2016-01-23,01,8,5,3,1,1
2016-01-23,00,10,5,7,1,0
2016-01-22,23,13,12,5,1,6
2016-01-22,22,18,16,2,2,3
2016-01-22,21,15,16,2,1,2
2016-01-22,20,11,14,5,1,4
2016-01-22,19,19,23,3,2,7
2016-01-22,18,14,7,2,1,3
2016-01-22,17,13,17,1,1,4
2016-01-22,16,12,12,0,0,8
2016-01-22,15,11,9,1,1,1
2016-01-22,14,22,19,9,2,2
2016-01-22,13,6,7,2,1,0
2016-01-22,12,12,4,1,1,2
2016-01-22,11,13,10,1,1,1
2016-01-22,10,9,9,0,0,3
2016-01-22,09,4,3,0,0,0
2016-01-22,08,7,6,2,0,1
2016-01-22,07,16,6,1,0,3
2016-01-22,06,11,6,0,0,1
2016-01-22,05,7,6,3,1,0
2016-01-22,04,16,20,3,0,1
2016-01-22,03,11,9,0,0,1
2016-01-22,02,11,8,1,1,2
2016-01-22,01,8,6,0,0,2
2016-01-22,00,14,7,3,1,2
2016-01-21,23,24,20,0,0,5
2016-01-21,22,23,22,3,0,6
2016-01-21,21,12,8,4,4,0
2016-01-21,20,14,14,5,0,1
2016-01-21,19,21,15,5,0,11
2016-01-21,18,27,24,3,0,9
2016-01-21,17,19,15,3,2,8
2016-01-21,16,19,10,1,1,6
2016-01-21,15,23,20,3,2,1
2016-01-21,14,13,13,2,1,2
2016-01-21,13,11,8,2,0,0
2016-01-21,12,16,13,3,3,1
2016-01-21,11,15,12,2,0,0
2016-01-21,10,6,5,0,0,2
2016-01-21,09,10,10,1,0,2
2016-01-21,08,16,7,1,0,3
2016-01-21,07,7,3,0,0,1
2016-01-21,06,7,7,0,0,0
2016-01-21,05,3,2,1,1,0
2016-01-21,04,5,5,3,2,0
2016-01-21,03,7,6,2,1,0
2016-01-21,02,9,7,2,0,4
2016-01-21,01,10,8,2,0,1
2016-01-21,00,8,10,1,0,4
2016-01-20,23,14,14,3,1,4
2016-01-20,22,25,23,3,1,11
2016-01-20,21,25,22,3,2,2
2016-01-20,20,12,10,7,2,0
2016-01-20,19,36,34,9,2,4
2016-01-20,18,37,30,1,0,14
2016-01-20,17,18,15,7,1,0
2016-01-20,16,10,7,2,1,3
2016-01-20,15,11,7,2,0,4
2016-01-20,14,4,7,1,0,4
2016-01-20,13,24,20,5,1,14
2016-01-20,12,23,13,3,0,3
2016-01-20,11,27,13,0,0,8
2016-01-20,10,14,12,1,0,2
2016-01-20,09,15,13,2,0,1
2016-01-20,08,23,14,4,0,4
2016-01-20,07,9,7,2,0,2
2016-01-20,06,6,5,2,1,0
2016-01-20,05,3,4,1,0,0
2016-01-20,04,15,13,2,1,1
2016-01-20,03,14,8,0,0,2
2016-01-20,02,32,10,2,1,1
2016-01-20,01,10,9,3,0,1
2016-01-20,00,11,9,3,1,2
2016-01-19,23,20,18,3,0,1
2016-01-19,22,21,15,6,0,5
2016-01-19,21,19,13,1,0,5
2016-01-19,20,53,53,4,0,24
2016-01-19,19,39,40,3,0,15
2016-01-19,18,35,27,5,2,9
2016-01-19,17,28,23,5,3,11
2016-01-19,16,22,14,3,0,6
2016-01-19,15,32,25,2,0,4
2016-01-19,14,32,23,2,0,0
2016-01-19,13,22,19,1,0,5
2016-01-19,12,18,15,1,1,4
2016-01-19,11,17,11,2,0,3
2016-01-19,10,9,6,2,1,2
2016-01-19,09,23,9,1,0,3
2016-01-19,08,13,15,1,1,0
2016-01-19,07,13,8,0,0,2
2016-01-19,06,7,5,0,0,0
2016-01-19,05,10,9,1,1,3
2016-01-19,04,11,9,3,0,3
2016-01-19,03,11,10,4,1,2
2016-01-19,02,10,8,5,3,0
2016-01-19,01,16,18,3,0,0
2016-01-19,00,36,29,9,6,5
2016-01-18,23,32,26,2,0,2
2016-01-18,22,21,13,2,1,0
2016-01-18,21,35,26,2,0,3
2016-01-18,20,28,16,2,0,5
2016-01-18,19,23,18,4,1,10
2016-01-18,18,20,14,3,0,2
2016-01-18,17,26,19,2,0,11
2016-01-18,16,22,23,3,0,5
2016-01-18,15,25,21,3,1,4
2016-01-18,14,20,11,2,0,1
2016-01-18,13,17,10,2,1,5
2016-01-18,12,4,4,0,0,1
2016-01-18,11,13,12,1,0,6
2016-01-18,10,9,4,0,0,2
2016-01-18,09,12,6,0,0,6
2016-01-18,08,22,12,3,1,1
2016-01-18,07,9,9,0,0,6
2016-01-18,06,8,8,0,0,0
2016-01-18,05,6,7,0,0,3
2016-01-18,04,3,5,0,0,1
2016-01-18,03,11,9,2,0,1
2016-01-18,02,5,2,1,0,1
2016-01-18,01,9,7,0,0,0
2016-01-18,00,7,8,1,0,1
2016-01-17,23,3,6,4,0,1
2016-01-17,22,7,6,0,0,1
2016-01-17,21,10,8,1,0,1
2016-01-17,20,9,7,0,0,1
2016-01-17,19,3,3,0,0,1
2016-01-17,18,8,6,3,0,1
2016-01-17,17,9,6,1,0,3
2016-01-17,16,9,3,0,0,0
2016-01-17,15,9,10,0,0,3
2016-01-17,14,5,4,0,0,2
2016-01-17,13,6,3,0,0,1
2016-01-17,12,9,7,2,0,4
2016-01-17,11,8,5,2,0,1
2016-01-17,10,13,3,1,0,1
2016-01-17,09,17,8,0,0,1
2016-01-17,08,6,4,0,0,1
2016-01-17,07,3,2,1,1,0
2016-01-17,06,1,1,0,0,1
2016-01-17,05,2,2,0,0,0
2016-01-17,04,11,8,1,0,1
2016-01-17,03,4,5,1,0,1
2016-01-17,02,7,6,1,0,4
2016-01-17,01,3,4,1,1,1
2016-01-17,00,5,2,1,0,1
2016-01-16,23,6,5,0,0,2
2016-01-16,22,10,6,2,0,0
2016-01-16,21,11,8,1,0,4
2016-01-16,20,15,12,2,1,4
2016-01-16,19,9,10,1,0,0
2016-01-16,18,15,12,1,1,2
2016-01-16,17,6,5,0,0,1
2016-01-16,16,4,3,2,1,3
2016-01-16,15,9,6,0,0,3
2016-01-16,14,10,8,0,0,1
2016-01-16,13,10,10,1,0,1
2016-01-16,12,3,2,0,0,0
2016-01-16,11,16,13,0,0,1
2016-01-16,10,27,37,1,0,3
2016-01-16,09,14,4,0,0,2
2016-01-16,08,14,8,2,0,4
2016-01-16,07,3,3,0,0,2
2016-01-16,06,6,3,0,0,4
2016-01-16,05,12,7,0,0,4
2016-01-16,04,5,5,0,0,0
2016-01-16,03,6,6,0,0,1
2016-01-16,02,10,9,3,1,0
2016-01-16,01,3,3,1,0,3
2016-01-16,00,3,3,2,0,1
2016-01-15,23,10,7,1,0,2
2016-01-15,22,26,16,0,0,6
2016-01-15,21,12,6,1,0,5
2016-01-15,20,8,9,0,0,3
2016-01-15,19,8,7,1,0,0
2016-01-15,18,11,6,1,0,0
2016-01-15,17,8,10,4,0,3
2016-01-15,16,18,13,2,0,4
2016-01-15,15,6,5,1,0,0
2016-01-15,14,7,6,2,1,2
2016-01-15,13,9,4,1,1,1
2016-01-15,12,10,8,1,0,5
2016-01-15,11,11,7,2,1,3
2016-01-15,10,4,4,1,1,1
2016-01-15,09,2,2,2,0,0
2016-01-15,08,5,3,1,0,0
2016-01-15,07,15,5,2,0,0
2016-01-15,06,4,1,0,0,0
2016-01-15,05,8,2,0,0,0
2016-01-15,04,6,2,0,0,1
2016-01-15,03,5,3,1,0,0
2016-01-15,02,9,5,1,0,2
2016-01-15,01,17,9,0,0,3
2016-01-15,00,4,5,0,0,0
2016-01-14,23,15,13,4,0,1
2016-01-14,22,14,8,1,0,2
2016-01-14,21,17,6,2,0,2
2016-01-14,20,10,7,1,1,2
2016-01-14,19,40,31,6,2,1
2016-01-14,18,8,7,0,0,1
2016-01-14,17,10,11,2,1,2
2016-01-14,16,15,12,1,0,4
2016-01-14,15,11,8,1,1,2
2016-01-14,14,31,15,0,0,1
2016-01-14,13,17,12,2,1,1
2016-01-14,12,12,9,2,0,5
2016-01-14,11,10,8,5,0,0
2016-01-14,10,5,2,1,0,2
2016-01-14,09,13,9,2,1,0
2016-01-14,08,6,4,2,1,0
2016-01-14,07,7,1,0,0,1
2016-01-14,06,2,2,0,0,1
2016-01-14,05,12,5,1,1,2
2016-01-14,04,5,4,0,0,2
2016-01-14,03,4,7,2,0,2
2016-01-14,02,6,7,1,0,1
2016-01-14,01,8,8,4,1,3
2016-01-14,00,9,8,0,0,4
2016-01-13,23,12,5,1,0,5
2016-01-13,22,16,12,4,0,4
2016-01-13,21,4,5,3,0,0
2016-01-13,20,17,14,2,0,4
2016-01-13,19,14,12,0,0,2
2016-01-13,18,14,12,1,0,0
2016-01-13,17,23,12,1,0,0
2016-01-13,16,12,9,4,0,2
2016-01-13,15,8,5,1,0,0
2016-01-13,14,13,11,3,0,3
2016-01-13,13,4,4,2,0,0
2016-01-13,12,5,3,2,0,0
2016-01-13,11,9,3,0,0,0
2016-01-13,10,3,2,1,0,3
2016-01-13,09,12,3,1,0,0
2016-01-13,08,12,2,0,0,0
2016-01-13,07,19,1,0,0,1
2016-01-13,06,4,5,0,0,2
2016-01-13,05,7,4,0,0,0
2016-01-13,04,6,5,0,0,0
2016-01-13,03,9,5,2,0,2
2016-01-13,02,9,5,1,0,2
2016-01-13,01,3,3,1,0,0
2016-01-13,00,2,1,1,0,0
2016-01-12,23,12,10,3,0,6
2016-01-12,22,10,9,3,0,2
2016-01-12,21,12,6,1,0,6
2016-01-12,20,11,9,5,1,2
2016-01-12,19,11,10,3,2,0
2016-01-12,18,12,7,3,1,5
2016-01-12,17,7,6,0,0,0
2016-01-12,16,13,7,4,0,2
2016-01-12,15,14,9,0,0,2
2016-01-12,14,12,7,5,0,2
2016-01-12,13,11,6,0,0,2
2016-01-12,12,12,10,1,0,1
2016-01-12,11,11,7,2,0,2
2016-01-12,10,8,4,1,0,2
2016-01-12,09,16,12,2,1,4
2016-01-12,08,8,5,0,0,0
2016-01-12,07,7,4,0,0,1
2016-01-12,06,4,1,2,0,4
2016-01-12,05,9,6,0,0,3
2016-01-12,04,10,8,2,0,4
2016-01-12,03,5,4,3,0,0
2016-01-12,02,9,7,3,1,4
2016-01-12,01,5,3,2,0,3
2016-01-12,00,9,9,2,0,4
2016-01-11,23,9,6,1,0,0
2016-01-11,22,11,8,3,0,2
2016-01-11,21,8,7,0,0,0
2016-01-11,20,8,6,0,0,2
2016-01-11,19,8,7,4,2,4
2016-01-11,18,9,8,1,0,1
2016-01-11,17,13,13,4,1,0
2016-01-11,16,9,5,1,0,3
2016-01-11,15,14,10,2,0,2
2016-01-11,14,9,5,2,0,0
2016-01-11,13,12,12,5,1,0
2016-01-11,12,5,2,1,1,0
2016-01-11,11,23,13,1,1,0
2016-01-11,10,13,7,1,0,1
2016-01-11,09,8,5,0,0,3
2016-01-11,08,3,2,0,0,0
2016-01-11,07,2,3,0,0,1
2016-01-11,06,7,5,0,0,1
2016-01-11,05,9,5,0,0,0
2016-01-11,04,1,1,0,0,2
2016-01-11,03,3,2,0,0,0
2016-01-11,02,3,2,0,0,1
2016-01-11,01,5,3,0,0,1
2016-01-11,00,3,3,0,0,1
2016-01-10,23,4,3,2,0,1
2016-01-10,22,4,5,0,0,0
2016-01-10,21,5,3,2,1,2
2016-01-10,20,1,2,0,0,0
2016-01-10,19,10,6,0,0,3
2016-01-10,18,4,4,1,1,1
2016-01-10,17,3,2,0,0,0
2016-01-10,16,7,7,2,0,2
2016-01-10,15,4,7,2,0,2
2016-01-10,14,8,5,0,0,0
2016-01-10,13,2,2,0,0,1
2016-01-10,12,1,3,0,0,2
2016-01-10,11,2,2,1,0,0
2016-01-10,10,8,2,0,0,1
2016-01-10,09,1,0,1,0,1
2016-01-10,08,3,1,0,0,0
2016-01-10,07,1,1,0,0,1
2016-01-10,06,2,0,1,0,2
2016-01-10,05,2,2,1,0,1
2016-01-10,04,3,2,0,0,1
2016-01-10,03,3,3,0,0,0
2016-01-10,02,3,2,1,0,0
2016-01-10,01,3,3,0,0,2
2016-01-10,00,7,5,1,0,4
2016-01-09,23,5,3,1,0,1
2016-01-09,22,2,1,0,0,1
2016-01-09,21,3,3,1,0,0
2016-01-09,20,10,7,1,1,0
2016-01-09,19,16,14,4,0,0
2016-01-09,18,17,14,2,0,3
2016-01-09,17,3,2,0,0,1
2016-01-09,16,7,3,1,0,0
2016-01-09,15,4,2,0,0,1
2016-01-09,14,6,5,0,0,0
2016-01-09,13,1,0,1,1,0
2016-01-09,12,1,1,0,0,0
2016-01-09,11,2,3,0,0,1
2016-01-09,10,1,0,0,0,0
2016-01-09,09,10,9,2,1,1
2016-01-09,08,4,3,1,0,1
2016-01-09,07,3,1,0,0,0
2016-01-09,06,2,2,0,0,0
2016-01-09,05,4,3,0,0,0
2016-01-09,04,4,3,0,0,0
2016-01-09,03,4,3,0,0,3
2016-01-09,02,2,0,0,0,1
2016-01-09,01,4,3,0,0,2
2016-01-09,00,4,8,1,1,0
2016-01-08,23,2,3,2,1,0
2016-01-08,22,7,7,1,1,2
2016-01-08,21,4,5,0,0,27
2016-01-08,20,5,5,1,0,0
2016-01-08,19,8,9,1,0,1
2016-01-08,18,1,3,1,0,0
2016-01-08,17,5,5,2,1,0
2016-01-08,16,4,3,4,0,0
2016-01-08,14,1,2,0,0,0
2016-01-08,13,3,2,1,0,0
2016-01-08,12,2,1,1,0,0
2016-01-08,11,1,4,0,0,0
2016-01-08,10,3,1,0,0,1
2016-01-08,09,2,2,0,0,1
2016-01-08,08,3,1,0,0,1
2016-01-08,06,1,0,0,0,0
2016-01-08,05,4,1,1,1,15
2016-01-08,04,3,1,1,0,0
2016-01-08,03,3,2,1,0,0
2016-01-08,02,6,2,3,0,5
2016-01-08,01,5,3,0,0,0
2016-01-08,00,4,5,0,0,0
2016-01-07,23,2,2,4,2,0
2016-01-07,22,9,7,2,1,1
2016-01-07,21,5,7,2,2,0
2016-01-07,20,12,13,1,0,0
2016-01-07,19,1,1,1,1,0
2016-01-07,18,7,6,2,1,2
2016-01-07,17,8,9,1,0,0
2016-01-07,16,5,2,1,0,0
2016-01-07,15,1,1,0,0,0
2016-01-07,14,6,5,1,0,0
2016-01-07,13,4,2,0,0,0
2016-01-07,12,1,0,0,0,0
2016-01-07,11,1,1,0,0,0
2016-01-07,10,6,5,0,0,1
2016-01-07,09,7,6,1,0,0
2016-01-07,08,3,3,0,0,1
2016-01-07,07,1,0,0,0,0
2016-01-07,06,3,3,0,0,0
2016-01-07,05,2,1,2,0,0
2016-01-07,04,3,4,0,0,1
2016-01-07,03,3,2,1,0,0
2016-01-07,02,4,3,1,1,8
2016-01-07,01,1,0,1,0,0
2016-01-06,23,1,1,0,0,0
2016-01-06,22,3,2,1,1,0
2016-01-06,21,7,7,1,1,0
2016-01-06,20,11,5,1,0,0
2016-01-06,19,2,2,1,1,0
2016-01-06,18,4,4,1,0,0
2016-01-06,17,4,1,1,1,0
2016-01-06,16,7,5,1,0,3
2016-01-06,15,9,9,1,0,0
2016-01-06,14,1,2,2,0,0
2016-01-06,13,10,1,0,0,3
2016-01-06,12,3,1,1,0,0
2016-01-06,11,3,1,1,1,0
2016-01-06,10,4,2,1,1,0
2016-01-06,09,3,2,0,0,0
2016-01-06,08,1,1,1,1,1
2016-01-06,07,5,5,3,1,0
2016-01-06,06,1,2,0,0,1
2016-01-06,05,1,1,1,0,0
2016-01-06,04,3,3,1,0,1
2016-01-06,03,4,6,0,0,0
2016-01-06,02,5,1,1,0,0
2016-01-06,01,1,1,0,0,0
2016-01-06,00,6,2,0,0,0
2016-01-05,23,7,3,1,1,1
2016-01-05,22,6,6,2,0,2
2016-01-05,21,5,4,1,0,0
2016-01-05,20,6,4,3,1,0
2016-01-05,19,6,3,2,0,3
2016-01-05,18,2,1,0,0,0
2016-01-05,17,2,1,1,0,0
2016-01-05,16,4,4,2,0,1
2016-01-05,15,9,8,0,0,5
2016-01-05,14,8,8,2,1,0
2016-01-05,13,2,2,0,0,0
2016-01-05,12,2,1,1,0,0
2016-01-05,11,4,1,1,1,0
2016-01-05,10,3,3,1,0,0
2016-01-05,09,9,8,4,1,2
2016-01-05,08,6,4,1,0,0
2016-01-05,07,7,7,3,0,0
2016-01-05,06,1,2,0,0,0
2016-01-05,05,2,2,0,0,0
2016-01-05,04,10,12,3,1,3
2016-01-05,03,5,2,1,0,2
2016-01-05,02,2,0,0,0,2
2016-01-05,01,1,0,2,2,0
2016-01-05,00,2,0,0,0,1
2016-01-04,23,2,2,0,0,0
2016-01-04,22,2,3,0,0,0
2016-01-04,21,4,5,1,1,1
2016-01-04,20,5,4,0,0,0
2016-01-04,19,4,4,3,2,0
2016-01-04,18,9,7,1,1,0
2016-01-04,17,17,14,0,0,1
2016-01-04,16,6,4,0,0,0
2016-01-04,15,1,1,0,0,0
2016-01-04,14,2,2,0,0,0
2016-01-04,13,7,2,1,0,2
2016-01-04,12,6,4,0,0,1
2016-01-04,11,1,2,0,0,0
2016-01-04,10,1,0,0,0,0
2016-01-04,09,2,1,1,0,0
2016-01-04,08,15,6,0,0,1
2016-01-04,06,2,1,1,0,0
2016-01-04,05,1,0,0,0,0
2016-01-04,04,3,4,1,0,0
2016-01-04,03,3,5,1,1,2
2016-01-04,02,7,7,1,0,6
2016-01-04,01,7,7,0,0,3
2016-01-04,00,7,9,2,1,3
2016-01-03,23,2,1,0,0,0
2016-01-03,21,20,9,0,0,9
2016-01-03,20,17,5,1,0,1
2016-01-03,19,7,5,0,0,4
2016-01-03,18,6,7,0,0,6
2016-01-03,17,3,1,1,0,0
2016-01-03,16,5,4,1,0,1
2016-01-03,15,2,2,2,0,1
2016-01-03,14,6,6,3,0,1
2016-01-03,13,3,2,0,0,0
2016-01-03,12,2,1,0,0,0
2016-01-03,11,8,5,2,0,0
2016-01-03,10,8,2,0,0,1
2016-01-03,09,5,2,0,0,0
2016-01-03,07,2,1,0,0,0
2016-01-03,06,4,1,1,0,0
2016-01-03,05,4,2,0,0,3
2016-01-03,04,4,5,0,0,1
2016-01-03,03,7,7,1,0,1
2016-01-03,02,7,6,0,0,0
2016-01-03,01,2,2,0,0,0
2016-01-03,00,2,2,0,0,0
2016-01-02,22,1,0,0,0,0
2016-01-02,20,4,5,0,0,0
2016-01-02,19,2,2,0,0,1
2016-01-02,18,3,3,0,0,2
2016-01-02,17,5,4,0,0,0
2016-01-02,16,5,1,0,0,1
2016-01-02,15,5,4,1,0,0
2016-01-02,13,1,1,0,0,1
2016-01-02,12,4,3,0,0,0
2016-01-02,11,1,1,0,0,0
2016-01-02,10,6,5,1,0,3
2016-01-02,09,1,1,0,0,0
2016-01-02,08,2,1,0,0,0
2016-01-02,07,1,1,0,0,0
2016-01-02,06,2,0,0,0,0
2016-01-02,05,5,4,0,0,1
2016-01-02,04,2,2,0,0,0
2016-01-02,03,2,0,0,0,0
2016-01-02,02,5,2,0,0,2
2016-01-02,01,3,2,0,0,0
2016-01-02,00,1,1,0,0,0
2016-01-01,23,5,1,0,0,0
2016-01-01,22,2,2,0,0,1
2016-01-01,21,1,2,1,1,0
2016-01-01,20,9,5,0,0,4
2016-01-01,19,2,2,1,0,1
2016-01-01,18,3,1,1,0,0
2016-01-01,17,2,3,0,0,0
2016-01-01,16,2,1,0,0,0
2016-01-01,14,1,1,0,0,0
2016-01-01,13,5,5,0,0,0
2016-01-01,12,1,1,0,0,0
2016-01-01,11,2,2,0,0,0
2016-01-01,10,1,0,0,0,0
2016-01-01,08,3,1,0,0,4
2016-01-01,07,1,0,0,0,0
2016-01-01,06,1,1,1,0,0
2016-01-01,04,4,1,0,0,0
2016-01-01,03,4,1,1,0,0
2016-01-01,02,3,0,0,0,0
2016-01-01,00,2,1,0,0,0
